account,fund,fund_original,accumulation_marker,periodic_sale_marker,units,sale_order_units,nav_yen,unit_cost_yen,value_yen,cost_yen,gain_yen,gain_pct_csv,day_change_yen,day_change_pct_csv,category
特定預り,eMAXIS Slim バランス(8資産均等型),ｅＭＡＸＩＳ　Ｓｌｉｍ　バランス（８資産均等型）,,,715022,0,21201,17884,1515918,1278745,237173,18.55,2431,0.16,8資産均等型
特定預り,SBI・V・S&P500インデックス・ファンド,ＳＢＩ・Ｖ・Ｓ＆Ｐ５００インデックス・ファンド,,,241660,0,41159,27649,994648,668165,326483,48.86,3963,0.4,S&P500系
NISA (成長)預り,eMAXIS Slim 全世界株式(オール・カントリー),ｅＭＡＸＩＳ　Ｓｌｉｍ　全世界株式（オール・カントリー）,○,,99940,0,38325,36174,383020,361522,21498,5.95,1370,0.36,オール・カントリー
NISA (成長)預り,SBI・iシェアーズ・インド株式インデックス・ファンド,ＳＢＩ・ｉシェアーズ・インド株式インデックス・ファンド,,,46926,0,10189,10656,47812,50004,-2192,-4.38,-437,-0.91,インド株
NISA (つみたて)預り,eMAXIS Slim 米国株式(S&P500),ｅＭＡＸＩＳ　Ｓｌｉｍ　米国株式（Ｓ＆Ｐ５００）,○,,465527,0,45049,33296,2097152,1550018,547134,35.3,9636,0.46,S&P500系
NISA (つみたて)預り,eMAXIS Slim 全世界株式(オール・カントリー),ｅＭＡＸＩＳ　Ｓｌｉｍ　全世界株式（オール・カントリー）,,,264936,0,38325,24535,1015367,650020,365347,56.21,3630,0.36,オール・カントリー
NISA (つみたて)預り,iFreeNEXT FANG+インデックス,ｉＦｒｅｅＮＥＸＴ　ＦＡＮＧ＋インデックス,○,,113619,0,103184,79213,1172366,900010,272356,30.26,11817,1.02,FANG+
旧NISA預り,eMAXIS Slim バランス(8資産均等型),ｅＭＡＸＩＳ　Ｓｌｉｍ　バランス（８資産均等型）,,,422608,0,21201,14198,895971,600018,295953,49.32,1437,0.16,8資産均等型
旧NISA預り,SBI・V・S&P500インデックス・ファンド,ＳＢＩ・Ｖ・Ｓ＆Ｐ５００インデックス・ファンド,,,309444,0,41159,19390,1273640,600011,673629,112.27,5075,0.4,S&P500系
ジュニアNISA-旧NISA預り,eMAXIS Slim バランス(8資産均等型),ｅＭＡＸＩＳ　Ｓｌｉｍ　バランス（８資産均等型）,,,223140,0,21201,12627,473079,281758,191321,67.9,759,0.16,8資産均等型
ジュニアNISA-旧NISA預り,SBI・V・S&P500インデックス・ファンド,ＳＢＩ・Ｖ・Ｓ＆Ｐ５００インデックス・ファンド,,,175736,0,41159,16381,723311,287873,435438,151.26,2882,0.4,S&P500系
