account,fund,current_units,net_traded_units,implied_opening_units
NISA (つみたて),eMAXIS Slim 全世界株式(オール・カントリー),264936,75246,189690
NISA (つみたて),eMAXIS Slim 米国株式(S&P500),465527,305412,160115
NISA (つみたて),iFreeNEXT FANG+インデックス,113619,113619,0
NISA (成長),SBI・iシェアーズ・インド株式インデックス・ファンド,46926,0,46926
NISA (成長),eMAXIS Slim 全世界株式(オール・カントリー),99940,99940,0
ジュニアNISA-旧NISA,SBI・V・S&P500インデックス・ファンド,175736,0,175736
ジュニアNISA-旧NISA,eMAXIS Slim バランス(8資産均等型),223140,0,223140
旧NISA,SBI・V・S&P500インデックス・ファンド,309444,0,309444
旧NISA,eMAXIS Slim バランス(8資産均等型),422608,0,422608
特定,SBI・V・S&P500インデックス・ファンド,241660,0,241660
特定,eMAXIS Slim バランス(8資産均等型),715022,0,715022
