plan,months,category,value_yen,total_yen,weight_pct
現状継続,0,S&P500系,5088751,10592284,48.04
現状継続,0,8資産均等型,2884968,10592284,27.24
現状継続,0,オール・カントリー,1398387,10592284,13.20
現状継続,0,FANG+,1172366,10592284,11.07
現状継続,0,インド株,47812,10592284,0.45
現状継続,12,S&P500系,5688751,12392284,45.91
現状継続,12,8資産均等型,2884968,12392284,23.28
現状継続,12,オール・カントリー,1998387,12392284,16.13
現状継続,12,FANG+,1772366,12392284,14.30
現状継続,12,インド株,47812,12392284,0.39
現状継続,36,S&P500系,6888751,15992284,43.08
現状継続,36,8資産均等型,2884968,15992284,18.04
現状継続,36,オール・カントリー,3198387,15992284,20.00
現状継続,36,FANG+,2972366,15992284,18.59
現状継続,36,インド株,47812,15992284,0.30
現状継続,60,S&P500系,8088751,19592284,41.29
現状継続,60,8資産均等型,2884968,19592284,14.73
現状継続,60,オール・カントリー,4398387,19592284,22.45
現状継続,60,FANG+,4172366,19592284,21.30
現状継続,60,インド株,47812,19592284,0.24
推奨案：集中を抑える,0,S&P500系,5088751,10592284,48.04
推奨案：集中を抑える,0,8資産均等型,2884968,10592284,27.24
推奨案：集中を抑える,0,オール・カントリー,1398387,10592284,13.20
推奨案：集中を抑える,0,FANG+,1172366,10592284,11.07
推奨案：集中を抑える,0,インド株,47812,10592284,0.45
推奨案：集中を抑える,12,S&P500系,5628751,12392284,45.42
推奨案：集中を抑える,12,8資産均等型,2884968,12392284,23.28
推奨案：集中を抑える,12,オール・カントリー,2478387,12392284,20.00
推奨案：集中を抑える,12,FANG+,1352366,12392284,10.91
推奨案：集中を抑える,12,インド株,47812,12392284,0.39
推奨案：集中を抑える,36,S&P500系,6708751,15992284,41.95
推奨案：集中を抑える,36,8資産均等型,2884968,15992284,18.04
推奨案：集中を抑える,36,オール・カントリー,4638387,15992284,29.00
推奨案：集中を抑える,36,FANG+,1712366,15992284,10.71
推奨案：集中を抑える,36,インド株,47812,15992284,0.30
推奨案：集中を抑える,60,S&P500系,7788751,19592284,39.75
推奨案：集中を抑える,60,8資産均等型,2884968,19592284,14.73
推奨案：集中を抑える,60,オール・カントリー,6798387,19592284,34.70
推奨案：集中を抑える,60,FANG+,2072366,19592284,10.58
推奨案：集中を抑える,60,インド株,47812,19592284,0.24
比較案：値動きへの配慮,0,S&P500系,5088751,10592284,48.04
比較案：値動きへの配慮,0,8資産均等型,2884968,10592284,27.24
比較案：値動きへの配慮,0,オール・カントリー,1398387,10592284,13.20
比較案：値動きへの配慮,0,FANG+,1172366,10592284,11.07
比較案：値動きへの配慮,0,インド株,47812,10592284,0.45
比較案：値動きへの配慮,12,S&P500系,5448751,12392284,43.97
比較案：値動きへの配慮,12,8資産均等型,3244968,12392284,26.19
比較案：値動きへの配慮,12,オール・カントリー,2298387,12392284,18.55
比較案：値動きへの配慮,12,FANG+,1352366,12392284,10.91
比較案：値動きへの配慮,12,インド株,47812,12392284,0.39
比較案：値動きへの配慮,36,S&P500系,6168751,15992284,38.57
比較案：値動きへの配慮,36,8資産均等型,3964968,15992284,24.79
比較案：値動きへの配慮,36,オール・カントリー,4098387,15992284,25.63
比較案：値動きへの配慮,36,FANG+,1712366,15992284,10.71
比較案：値動きへの配慮,36,インド株,47812,15992284,0.30
比較案：値動きへの配慮,60,S&P500系,6888751,19592284,35.16
比較案：値動きへの配慮,60,8資産均等型,4684968,19592284,23.91
比較案：値動きへの配慮,60,オール・カントリー,5898387,19592284,30.11
比較案：値動きへの配慮,60,FANG+,2072366,19592284,10.58
比較案：値動きへの配慮,60,インド株,47812,19592284,0.24
