order_line,trade_line,order_date,trade_date,fund,account,amount_yen,units
12,10,2026-09-02,2026-09-03,iFreeNEXT FANG+インデックス,NISA (つみたて),50000,5041
10,11,2026-09-02,2026-09-03,eMAXIS Slim 全世界株式(オール・カントリー),NISA (成長),50000,13060
11,12,2026-09-02,2026-09-03,eMAXIS Slim 米国株式(S&P500),NISA (つみたて),50000,11166
15,13,2026-08-01,2026-08-04,iFreeNEXT FANG+インデックス,NISA (つみたて),50000,5318
13,14,2026-08-01,2026-08-04,eMAXIS Slim 全世界株式(オール・カントリー),NISA (成長),50000,13330
14,15,2026-08-01,2026-08-04,eMAXIS Slim 米国株式(S&P500),NISA (つみたて),50000,11366
18,16,2026-07-02,2026-07-03,iFreeNEXT FANG+インデックス,NISA (つみたて),50000,5385
16,17,2026-07-02,2026-07-03,eMAXIS Slim 全世界株式(オール・カントリー),NISA (成長),50000,13155
17,18,2026-07-02,2026-07-03,eMAXIS Slim 米国株式(S&P500),NISA (つみたて),50000,11274
21,20,2026-06-02,2026-06-03,iFreeNEXT FANG+インデックス,NISA (つみたて),50000,4994
19,21,2026-06-02,2026-06-03,eMAXIS Slim 全世界株式(オール・カントリー),NISA (成長),50000,13063
20,22,2026-06-02,2026-06-03,eMAXIS Slim 米国株式(S&P500),NISA (つみたて),50000,11185
24,23,2026-05-02,2026-05-08,iFreeNEXT FANG+インデックス,NISA (つみたて),50000,5605
22,24,2026-05-02,2026-05-08,eMAXIS Slim 全世界株式(オール・カントリー),NISA (成長),50000,13765
23,25,2026-05-02,2026-05-08,eMAXIS Slim 米国株式(S&P500),NISA (つみたて),50000,11829
27,26,2026-04-02,2026-04-03,iFreeNEXT FANG+インデックス,NISA (つみたて),50000,6570
25,27,2026-04-02,2026-04-03,eMAXIS Slim 全世界株式(オール・カントリー),NISA (成長),50000,15031
26,28,2026-04-02,2026-04-03,eMAXIS Slim 米国株式(S&P500),NISA (つみたて),50000,12972
30,29,2026-02-28,2026-03-03,iFreeNEXT FANG+インデックス,NISA (つみたて),50000,6436
28,30,2026-02-28,2026-03-03,eMAXIS Slim 全世界株式(オール・カントリー),NISA (成長),50000,14479
29,31,2026-02-28,2026-03-03,eMAXIS Slim 米国株式(S&P500),NISA (つみたて),50000,12595
35,33,2025-12-31,2026-01-06,iFreeNEXT FANG+インデックス,NISA (つみたて),50000,6028
34,34,2025-12-31,2026-01-06,eMAXIS Slim 米国株式(S&P500),NISA (つみたて),50000,12639
37,35,2025-12-02,2025-12-03,iFreeNEXT FANG+インデックス,NISA (つみたて),50000,5696
36,36,2025-12-02,2025-12-03,eMAXIS Slim 米国株式(S&P500),NISA (つみたて),50000,12858
39,37,2025-11-01,2025-11-05,iFreeNEXT FANG+インデックス,NISA (つみたて),50000,5789
38,38,2025-11-01,2025-11-05,eMAXIS Slim 米国株式(S&P500),NISA (つみたて),50000,13179
41,39,2025-10-02,2025-10-03,iFreeNEXT FANG+インデックス,NISA (つみたて),50000,6183
40,40,2025-10-02,2025-10-03,eMAXIS Slim 米国株式(S&P500),NISA (つみたて),50000,13846
43,41,2025-09-02,2025-09-03,iFreeNEXT FANG+インデックス,NISA (つみたて),50000,6540
42,42,2025-09-02,2025-09-03,eMAXIS Slim 米国株式(S&P500),NISA (つみたて),50000,14370
45,43,2025-08-02,2025-08-05,iFreeNEXT FANG+インデックス,NISA (つみたて),50000,6646
44,44,2025-08-02,2025-08-05,eMAXIS Slim 米国株式(S&P500),NISA (つみたて),50000,14760
47,45,2025-07-02,2025-07-03,iFreeNEXT FANG+インデックス,NISA (つみたて),50000,6924
46,46,2025-07-02,2025-07-03,eMAXIS Slim 米国株式(S&P500),NISA (つみたて),50000,15361
48,47,2025-05-31,2025-06-03,iFreeNEXT FANG+インデックス,NISA (つみたて),50000,7392
49,48,2025-05-31,2025-06-03,eMAXIS Slim 米国株式(S&P500),NISA (つみたて),50000,16221
51,49,2025-05-02,2025-05-07,iFreeNEXT FANG+インデックス,NISA (つみたて),50000,8128
50,50,2025-05-02,2025-05-07,eMAXIS Slim 米国株式(S&P500),NISA (つみたて),50000,17168
55,51,2025-03-01,2025-03-04,iFreeNEXT FANG+インデックス,NISA (つみたて),50000,7895
54,52,2025-03-01,2025-03-04,eMAXIS Slim 米国株式(S&P500),NISA (つみたて),50000,15795
57,53,2025-02-01,2025-02-04,iFreeNEXT FANG+インデックス,NISA (つみたて),50000,7049
56,54,2025-02-01,2025-02-04,eMAXIS Slim 米国株式(S&P500),NISA (つみたて),50000,14824
58,55,2024-12-31,2025-01-07,eMAXIS Slim 全世界株式(オール・カントリー),NISA (つみたて),50000,18006
59,56,2024-12-31,2025-01-07,eMAXIS Slim 米国株式(S&P500),NISA (つみたて),50000,14609
60,57,2024-11-30,2024-12-03,eMAXIS Slim 全世界株式(オール・カントリー),NISA (つみたて),50000,18746
61,58,2024-11-30,2024-12-03,eMAXIS Slim 米国株式(S&P500),NISA (つみたて),50000,15247
62,59,2024-11-02,2024-11-06,eMAXIS Slim 全世界株式(オール・カントリー),NISA (つみたて),50000,18902
63,60,2024-11-02,2024-11-06,eMAXIS Slim 米国株式(S&P500),NISA (つみたて),50000,15659
64,61,2024-10-02,2024-10-03,eMAXIS Slim 全世界株式(オール・カントリー),NISA (つみたて),50000,19592
65,62,2024-10-02,2024-10-03,eMAXIS Slim 米国株式(S&P500),NISA (つみたて),50000,16489
