month,completed_order_yen,failed_order_yen,buy_yen,sell_yen,net_purchase_yen
2021-10,100000,50000,0,0,0
2021-11,0,50000,0,0,0
2021-12,50000,100000,0,0,0
2022-01,50000,0,0,0,0
2022-02,100000,0,0,0,0
2022-03,100000,0,0,0,0
2022-04,150000,0,0,0,0
2022-05,50000,0,0,0,0
2022-06,50000,50000,0,0,0
2022-07,0,150000,0,0,0
2022-08,0,50000,0,0,0
2022-09,149000,50000,0,0,0
2022-10,100000,0,0,0,0
2022-11,100000,0,0,0,0
2022-12,100000,0,0,0,0
2023-01,100000,0,0,0,0
2023-02,100000,0,0,0,0
2023-03,100000,0,0,0,0
2023-04,100000,0,0,0,0
2023-05,100000,0,0,0,0
2023-06,100000,0,0,0,0
2023-07,100000,0,0,0,0
2023-08,100000,0,0,0,0
2023-09,100000,0,0,0,0
2023-10,100000,0,0,0,0
2023-11,100000,0,0,0,0
2023-12,200000,100000,0,0,0
2024-02,100000,0,0,0,0
2024-03,100000,0,0,0,0
2024-04,100000,0,0,0,0
2024-05,100000,0,0,0,0
2024-06,100000,0,0,0,0
2024-07,100000,0,0,0,0
2024-08,200000,0,0,0,0
2024-10,100000,0,100000,0,100000
2024-11,200000,0,100000,0,100000
2024-12,100000,0,100000,0,100000
2025-01,0,0,100000,0,100000
2025-02,100000,0,100000,0,100000
2025-03,100000,0,100000,0,100000
2025-04,0,100000,0,0,0
2025-05,200000,0,100000,0,100000
2025-06,0,0,100000,0,100000
2025-07,100000,0,100000,0,100000
2025-08,100000,0,100000,0,100000
2025-09,100000,0,100000,0,100000
2025-10,100000,0,100000,0,100000
2025-11,100000,0,100000,0,100000
2025-12,200000,0,100000,0,100000
2026-01,0,150000,300000,0,300000
2026-02,150000,0,0,0,0
2026-03,0,0,150000,0,150000
2026-04,150000,0,150000,0,150000
2026-05,150000,0,150000,0,150000
2026-06,150000,0,150000,200000,-50000
2026-07,150000,0,150000,0,150000
2026-08,150000,0,150000,0,150000
2026-09,150000,0,150000,0,150000
