months,category,value_yen,total_yen,weight_pct
0,S&P500系,5088751,10592284,48.04
0,8資産均等型,2884968,10592284,27.24
0,オール・カントリー,1398387,10592284,13.20
0,FANG+,1172366,10592284,11.07
0,インド株,47812,10592284,0.45
12,S&P500系,5688751,12392284,45.91
12,8資産均等型,2884968,12392284,23.28
12,オール・カントリー,1998387,12392284,16.13
12,FANG+,1772366,12392284,14.30
12,インド株,47812,12392284,0.39
36,S&P500系,6888751,15992284,43.08
36,8資産均等型,2884968,15992284,18.04
36,オール・カントリー,3198387,15992284,20.00
36,FANG+,2972366,15992284,18.59
36,インド株,47812,15992284,0.30
60,S&P500系,8088751,19592284,41.29
60,8資産均等型,2884968,19592284,14.73
60,オール・カントリー,4398387,19592284,22.45
60,FANG+,4172366,19592284,21.30
60,インド株,47812,19592284,0.24
