date,status,fund,account,amount_yen,fees_yen,tax_yen,nav_yen,units,association_code,order_type,course,source_file,source_line
2026-09-02,完了,eMAXIS Slim 全世界株式(オール・カントリー),NISA (成長),50000,0,0,38285,13060,0331418A,積立,毎月,積立買付注文履歴_20210927_20260926.csv,10
2026-09-02,完了,eMAXIS Slim 米国株式(S&P500),NISA (つみたて),50000,0,0,44779,11166,03311187,積立,毎月,積立買付注文履歴_20210927_20260926.csv,11
2026-09-02,完了,iFreeNEXT FANG+インデックス,NISA (つみたて),50000,0,0,99198,5041,04311181,積立,毎月,積立買付注文履歴_20210927_20260926.csv,12
2026-08-01,完了,eMAXIS Slim 全世界株式(オール・カントリー),NISA (成長),50000,0,0,37510,13330,0331418A,積立,毎月,積立買付注文履歴_20210927_20260926.csv,13
2026-08-01,完了,eMAXIS Slim 米国株式(S&P500),NISA (つみたて),50000,0,0,43994,11366,03311187,積立,毎月,積立買付注文履歴_20210927_20260926.csv,14
2026-08-01,完了,iFreeNEXT FANG+インデックス,NISA (つみたて),50000,0,0,94037,5318,04311181,積立,毎月,積立買付注文履歴_20210927_20260926.csv,15
2026-07-02,完了,eMAXIS Slim 全世界株式(オール・カントリー),NISA (成長),50000,0,0,38009,13155,0331418A,積立,毎月,積立買付注文履歴_20210927_20260926.csv,16
2026-07-02,完了,eMAXIS Slim 米国株式(S&P500),NISA (つみたて),50000,0,0,44352,11274,03311187,積立,毎月,積立買付注文履歴_20210927_20260926.csv,17
2026-07-02,完了,iFreeNEXT FANG+インデックス,NISA (つみたて),50000,0,0,92864,5385,04311181,積立,毎月,積立買付注文履歴_20210927_20260926.csv,18
2026-06-02,完了,eMAXIS Slim 全世界株式(オール・カントリー),NISA (成長),50000,0,0,38277,13063,0331418A,積立,毎月,積立買付注文履歴_20210927_20260926.csv,19
2026-06-02,完了,eMAXIS Slim 米国株式(S&P500),NISA (つみたて),50000,0,0,44704,11185,03311187,積立,毎月,積立買付注文履歴_20210927_20260926.csv,20
2026-06-02,完了,iFreeNEXT FANG+インデックス,NISA (つみたて),50000,0,0,100136,4994,04311181,積立,毎月,積立買付注文履歴_20210927_20260926.csv,21
2026-05-02,完了,eMAXIS Slim 全世界株式(オール・カントリー),NISA (成長),50000,0,0,36326,13765,0331418A,積立,毎月,積立買付注文履歴_20210927_20260926.csv,22
2026-05-02,完了,eMAXIS Slim 米国株式(S&P500),NISA (つみたて),50000,0,0,42272,11829,03311187,積立,毎月,積立買付注文履歴_20210927_20260926.csv,23
2026-05-02,完了,iFreeNEXT FANG+インデックス,NISA (つみたて),50000,0,0,89214,5605,04311181,積立,毎月,積立買付注文履歴_20210927_20260926.csv,24
2026-04-02,完了,eMAXIS Slim 全世界株式(オール・カントリー),NISA (成長),50000,0,0,33265,15031,0331418A,積立,毎月,積立買付注文履歴_20210927_20260926.csv,25
2026-04-02,完了,eMAXIS Slim 米国株式(S&P500),NISA (つみたて),50000,0,0,38546,12972,03311187,積立,毎月,積立買付注文履歴_20210927_20260926.csv,26
2026-04-02,完了,iFreeNEXT FANG+インデックス,NISA (つみたて),50000,0,0,76109,6570,04311181,積立,毎月,積立買付注文履歴_20210927_20260926.csv,27
2026-02-28,完了,eMAXIS Slim 全世界株式(オール・カントリー),NISA (成長),50000,0,0,34533,14479,0331418A,積立,毎月,積立買付注文履歴_20210927_20260926.csv,28
2026-02-28,完了,eMAXIS Slim 米国株式(S&P500),NISA (つみたて),50000,0,0,39699,12595,03311187,積立,毎月,積立買付注文履歴_20210927_20260926.csv,29
2026-02-28,完了,iFreeNEXT FANG+インデックス,NISA (つみたて),50000,0,0,77692,6436,04311181,積立,毎月,積立買付注文履歴_20210927_20260926.csv,30
2026-01-31,買付余力不足,eMAXIS Slim 全世界株式(オール・カントリー),NISA (成長),50000,0,0,0,0,0331418A,積立,毎月,積立買付注文履歴_20210927_20260926.csv,31
2026-01-31,買付余力不足,eMAXIS Slim 米国株式(S&P500),NISA (つみたて),50000,0,0,0,0,03311187,積立,毎月,積立買付注文履歴_20210927_20260926.csv,32
2026-01-31,買付余力不足,iFreeNEXT FANG+インデックス,NISA (つみたて),50000,0,0,0,0,04311181,積立,毎月,積立買付注文履歴_20210927_20260926.csv,33
2025-12-31,完了,eMAXIS Slim 米国株式(S&P500),NISA (つみたて),50000,0,0,39561,12639,03311187,積立,毎月,積立買付注文履歴_20210927_20260926.csv,34
2025-12-31,完了,iFreeNEXT FANG+インデックス,NISA (つみたて),50000,0,0,82953,6028,04311181,積立,毎月,積立買付注文履歴_20210927_20260926.csv,35
2025-12-02,完了,eMAXIS Slim 米国株式(S&P500),NISA (つみたて),50000,0,0,38888,12858,03311187,積立,毎月,積立買付注文履歴_20210927_20260926.csv,36
2025-12-02,完了,iFreeNEXT FANG+インデックス,NISA (つみたて),50000,0,0,87786,5696,04311181,積立,毎月,積立買付注文履歴_20210927_20260926.csv,37
2025-11-01,完了,eMAXIS Slim 米国株式(S&P500),NISA (つみたて),50000,0,0,37939,13179,03311187,積立,毎月,積立買付注文履歴_20210927_20260926.csv,38
2025-11-01,完了,iFreeNEXT FANG+インデックス,NISA (つみたて),50000,0,0,86378,5789,04311181,積立,毎月,積立買付注文履歴_20210927_20260926.csv,39
2025-10-02,完了,eMAXIS Slim 米国株式(S&P500),NISA (つみたて),50000,0,0,36112,13846,03311187,積立,毎月,積立買付注文履歴_20210927_20260926.csv,40
2025-10-02,完了,iFreeNEXT FANG+インデックス,NISA (つみたて),50000,0,0,80877,6183,04311181,積立,毎月,積立買付注文履歴_20210927_20260926.csv,41
2025-09-02,完了,eMAXIS Slim 米国株式(S&P500),NISA (つみたて),50000,0,0,34796,14370,03311187,積立,毎月,積立買付注文履歴_20210927_20260926.csv,42
2025-09-02,完了,iFreeNEXT FANG+インデックス,NISA (つみたて),50000,0,0,76452,6540,04311181,積立,毎月,積立買付注文履歴_20210927_20260926.csv,43
2025-08-02,完了,eMAXIS Slim 米国株式(S&P500),NISA (つみたて),50000,0,0,33877,14760,03311187,積立,毎月,積立買付注文履歴_20210927_20260926.csv,44
2025-08-02,完了,iFreeNEXT FANG+インデックス,NISA (つみたて),50000,0,0,75234,6646,04311181,積立,毎月,積立買付注文履歴_20210927_20260926.csv,45
2025-07-02,完了,eMAXIS Slim 米国株式(S&P500),NISA (つみたて),50000,0,0,32551,15361,03311187,積立,毎月,積立買付注文履歴_20210927_20260926.csv,46
2025-07-02,完了,iFreeNEXT FANG+インデックス,NISA (つみたて),50000,0,0,72215,6924,04311181,積立,毎月,積立買付注文履歴_20210927_20260926.csv,47
2025-05-31,完了,iFreeNEXT FANG+インデックス,NISA (つみたて),50000,0,0,67642,7392,04311181,積立,毎月,積立買付注文履歴_20210927_20260926.csv,48
2025-05-31,完了,eMAXIS Slim 米国株式(S&P500),NISA (つみたて),50000,0,0,30825,16221,03311187,積立,毎月,積立買付注文履歴_20210927_20260926.csv,49
2025-05-02,完了,eMAXIS Slim 米国株式(S&P500),NISA (つみたて),50000,0,0,29124,17168,03311187,積立,毎月,積立買付注文履歴_20210927_20260926.csv,50
2025-05-02,完了,iFreeNEXT FANG+インデックス,NISA (つみたて),50000,0,0,61520,8128,04311181,積立,毎月,積立買付注文履歴_20210927_20260926.csv,51
2025-04-02,買付余力不足,eMAXIS Slim 米国株式(S&P500),NISA (つみたて),50000,0,0,0,0,03311187,積立,毎月,積立買付注文履歴_20210927_20260926.csv,52
2025-04-02,買付余力不足,iFreeNEXT FANG+インデックス,NISA (つみたて),50000,0,0,0,0,04311181,積立,毎月,積立買付注文履歴_20210927_20260926.csv,53
2025-03-01,完了,eMAXIS Slim 米国株式(S&P500),NISA (つみたて),50000,0,0,31656,15795,03311187,積立,毎月,積立買付注文履歴_20210927_20260926.csv,54
2025-03-01,完了,iFreeNEXT FANG+インデックス,NISA (つみたて),50000,0,0,63337,7895,04311181,積立,毎月,積立買付注文履歴_20210927_20260926.csv,55
2025-02-01,完了,eMAXIS Slim 米国株式(S&P500),NISA (つみたて),50000,0,0,33730,14824,03311187,積立,毎月,積立買付注文履歴_20210927_20260926.csv,56
2025-02-01,完了,iFreeNEXT FANG+インデックス,NISA (つみたて),50000,0,0,70935,7049,04311181,積立,毎月,積立買付注文履歴_20210927_20260926.csv,57
2024-12-31,完了,eMAXIS Slim 全世界株式(オール・カントリー),NISA (つみたて),50000,0,0,27769,18006,0331418A,積立,毎月,積立買付注文履歴_20210927_20260926.csv,58
2024-12-31,完了,eMAXIS Slim 米国株式(S&P500),NISA (つみたて),50000,0,0,34226,14609,03311187,積立,毎月,積立買付注文履歴_20210927_20260926.csv,59
2024-11-30,完了,eMAXIS Slim 全世界株式(オール・カントリー),NISA (つみたて),50000,0,0,26673,18746,0331418A,積立,毎月,積立買付注文履歴_20210927_20260926.csv,60
2024-11-30,完了,eMAXIS Slim 米国株式(S&P500),NISA (つみたて),50000,0,0,32794,15247,03311187,積立,毎月,積立買付注文履歴_20210927_20260926.csv,61
2024-11-02,完了,eMAXIS Slim 全世界株式(オール・カントリー),NISA (つみたて),50000,0,0,26452,18902,0331418A,積立,毎月,積立買付注文履歴_20210927_20260926.csv,62
2024-11-02,完了,eMAXIS Slim 米国株式(S&P500),NISA (つみたて),50000,0,0,31931,15659,03311187,積立,毎月,積立買付注文履歴_20210927_20260926.csv,63
2024-10-02,完了,eMAXIS Slim 全世界株式(オール・カントリー),NISA (つみたて),50000,0,0,25521,19592,0331418A,積立,毎月,積立買付注文履歴_20210927_20260926.csv,64
2024-10-02,完了,eMAXIS Slim 米国株式(S&P500),NISA (つみたて),50000,0,0,30324,16489,03311187,積立,毎月,積立買付注文履歴_20210927_20260926.csv,65
2024-08-31,完了,eMAXIS Slim 全世界株式(オール・カントリー),NISA (つみたて),50000,0,0,24353,20532,0331418A,積立,毎月,積立買付注文履歴_20210927_20260926.csv,66
2024-08-31,完了,eMAXIS Slim 米国株式(S&P500),NISA (つみたて),50000,0,0,28995,17245,03311187,積立,毎月,積立買付注文履歴_20210927_20260926.csv,67
2024-08-02,完了,eMAXIS Slim 全世界株式(オール・カントリー),NISA (つみたて),50000,0,0,23268,21489,0331418A,積立,毎月,積立買付注文履歴_20210927_20260926.csv,68
2024-08-02,完了,eMAXIS Slim 米国株式(S&P500),NISA (つみたて),50000,0,0,28019,17845,03311187,積立,毎月,積立買付注文履歴_20210927_20260926.csv,69
2024-07-02,完了,eMAXIS Slim 全世界株式(オール・カントリー),NISA (つみたて),50000,0,0,26654,18759,0331418A,積立,毎月,積立買付注文履歴_20210927_20260926.csv,70
2024-07-02,完了,eMAXIS Slim 米国株式(S&P500),NISA (つみたて),50000,0,0,32052,15600,03311187,積立,毎月,積立買付注文履歴_20210927_20260926.csv,71
2024-06-01,完了,eMAXIS Slim 全世界株式(オール・カントリー),NISA (つみたて),50000,0,0,25189,19850,0331418A,積立,毎月,積立買付注文履歴_20210927_20260926.csv,72
2024-06-01,完了,eMAXIS Slim 米国株式(S&P500),NISA (つみたて),50000,0,0,29734,16816,03311187,積立,毎月,積立買付注文履歴_20210927_20260926.csv,73
2024-05-02,完了,eMAXIS Slim 全世界株式(オール・カントリー),NISA (つみたて),50000,0,0,24348,20536,0331418A,積立,毎月,積立買付注文履歴_20210927_20260926.csv,74
2024-05-02,完了,eMAXIS Slim 米国株式(S&P500),NISA (つみたて),50000,0,0,28681,17433,03311187,積立,毎月,積立買付注文履歴_20210927_20260926.csv,75
2024-04-02,完了,eMAXIS Slim 全世界株式(オール・カントリー),NISA (つみたて),50000,0,0,23936,20889,0331418A,積立,毎月,積立買付注文履歴_20210927_20260926.csv,76
2024-04-02,完了,eMAXIS Slim 米国株式(S&P500),NISA (つみたて),50000,0,0,28332,17648,03311187,積立,毎月,積立買付注文履歴_20210927_20260926.csv,77
2024-03-02,完了,eMAXIS Slim 全世界株式(オール・カントリー),NISA (つみたて),50000,0,0,23403,21365,0331418A,積立,毎月,積立買付注文履歴_20210927_20260926.csv,78
2024-03-02,完了,eMAXIS Slim 米国株式(S&P500),NISA (つみたて),50000,0,0,27683,18062,03311187,積立,毎月,積立買付注文履歴_20210927_20260926.csv,79
2024-02-02,完了,eMAXIS Slim 全世界株式(オール・カントリー),NISA (つみたて),50000,0,0,22294,22428,0331418A,積立,毎月,積立買付注文履歴_20210927_20260926.csv,80
2024-02-02,完了,eMAXIS Slim 米国株式(S&P500),NISA (つみたて),50000,0,0,26421,18925,03311187,積立,毎月,積立買付注文履歴_20210927_20260926.csv,81
2023-12-30,完了,eMAXIS Slim 全世界株式(オール・カントリー),NISA (つみたて),50000,0,0,20972,23842,0331418A,積立,毎月,積立買付注文履歴_20210927_20260926.csv,82
2023-12-30,完了,eMAXIS Slim 米国株式(S&P500),NISA (つみたて),50000,0,0,24342,20541,03311187,積立,毎月,積立買付注文履歴_20210927_20260926.csv,83
2023-12-05,完了,SBI・V・S&P500インデックス・ファンド,旧NISA,50000,0,0,22033,22694,89311199,積立,毎月,積立買付注文履歴_20210927_20260926.csv,84
2023-12-05,完了,eMAXIS Slim バランス(8資産均等型),旧NISA,50000,0,0,15098,33117,03312175,積立,毎月,積立買付注文履歴_20210927_20260926.csv,85
2023-12-02,取引不可,eMAXIS Slim 全世界株式(オール・カントリー),NISA (つみたて),50000,0,0,0,0,0331418A,積立,毎月,積立買付注文履歴_20210927_20260926.csv,86
2023-12-02,取引不可,eMAXIS Slim 米国株式(S&P500),NISA (つみたて),50000,0,0,0,0,03311187,積立,毎月,積立買付注文履歴_20210927_20260926.csv,87
2023-11-03,完了,SBI・V・S&P500インデックス・ファンド,旧NISA,50000,0,0,21422,23341,89311199,積立,毎月,積立買付注文履歴_20210927_20260926.csv,88
2023-11-03,完了,eMAXIS Slim バランス(8資産均等型),旧NISA,50000,0,0,14835,33704,03312175,積立,毎月,積立買付注文履歴_20210927_20260926.csv,89
2023-10-05,完了,SBI・V・S&P500インデックス・ファンド,旧NISA,50000,0,0,20688,24169,89311199,積立,毎月,積立買付注文履歴_20210927_20260926.csv,90
2023-10-05,完了,eMAXIS Slim バランス(8資産均等型),旧NISA,50000,0,0,14416,34684,03312175,積立,毎月,積立買付注文履歴_20210927_20260926.csv,91
2023-09-05,完了,SBI・V・S&P500インデックス・ファンド,旧NISA,50000,0,0,21698,23044,89311199,積立,毎月,積立買付注文履歴_20210927_20260926.csv,92
2023-09-05,完了,eMAXIS Slim バランス(8資産均等型),旧NISA,50000,0,0,15009,33314,03312175,積立,毎月,積立買付注文履歴_20210927_20260926.csv,93
2023-08-05,完了,SBI・V・S&P500インデックス・ファンド,旧NISA,50000,0,0,21058,23744,89311199,積立,毎月,積立買付注文履歴_20210927_20260926.csv,94
2023-08-05,完了,eMAXIS Slim バランス(8資産均等型),旧NISA,50000,0,0,14759,33878,03312175,積立,毎月,積立買付注文履歴_20210927_20260926.csv,95
2023-07-05,完了,SBI・V・S&P500インデックス・ファンド,旧NISA,50000,0,0,20906,23917,89311199,積立,毎月,積立買付注文履歴_20210927_20260926.csv,96
2023-07-05,完了,eMAXIS Slim バランス(8資産均等型),旧NISA,50000,0,0,14781,33827,03312175,積立,毎月,積立買付注文履歴_20210927_20260926.csv,97
2023-06-03,完了,SBI・V・S&P500インデックス・ファンド,旧NISA,50000,0,0,19420,25747,89311199,積立,毎月,積立買付注文履歴_20210927_20260926.csv,98
2023-06-03,完了,eMAXIS Slim バランス(8資産均等型),旧NISA,50000,0,0,14257,35071,03312175,積立,毎月,積立買付注文履歴_20210927_20260926.csv,99
2023-05-03,完了,SBI・V・S&P500インデックス・ファンド,旧NISA,50000,0,0,18195,27480,89311199,積立,毎月,積立買付注文履歴_20210927_20260926.csv,100
2023-05-03,完了,eMAXIS Slim バランス(8資産均等型),旧NISA,50000,0,0,13845,36114,03312175,積立,毎月,積立買付注文履歴_20210927_20260926.csv,101
2023-04-05,完了,SBI・V・S&P500インデックス・ファンド,旧NISA,50000,0,0,17427,28691,89311199,積立,毎月,積立買付注文履歴_20210927_20260926.csv,102
2023-04-05,完了,eMAXIS Slim バランス(8資産均等型),旧NISA,50000,0,0,13416,37269,03312175,積立,毎月,積立買付注文履歴_20210927_20260926.csv,103
2023-03-04,完了,SBI・V・S&P500インデックス・ファンド,旧NISA,50000,0,0,17882,27961,89311199,積立,毎月,積立買付注文履歴_20210927_20260926.csv,104
2023-03-04,完了,eMAXIS Slim バランス(8資産均等型),旧NISA,50000,0,0,13658,36609,03312175,積立,毎月,積立買付注文履歴_20210927_20260926.csv,105
2023-02-04,完了,SBI・V・S&P500インデックス・ファンド,旧NISA,50000,0,0,17650,28329,89311199,積立,毎月,積立買付注文履歴_20210927_20260926.csv,106
2023-02-04,完了,eMAXIS Slim バランス(8資産均等型),旧NISA,50000,0,0,13563,36865,03312175,積立,毎月,積立買付注文履歴_20210927_20260926.csv,107
2023-01-05,完了,SBI・V・S&P500インデックス・ファンド,旧NISA,50000,0,0,16487,30327,89311199,積立,毎月,積立買付注文履歴_20210927_20260926.csv,108
2023-01-05,完了,eMAXIS Slim バランス(8資産均等型),旧NISA,50000,0,0,13104,38156,03312175,積立,毎月,積立買付注文履歴_20210927_20260926.csv,109
2022-12-03,完了,SBI・V・S&P500インデックス・ファンド,特定/一般,50000,0,0,17655,28321,89311199,積立,毎月,積立買付注文履歴_20210927_20260926.csv,110
2022-12-03,完了,eMAXIS Slim バランス(8資産均等型),特定/一般,50000,0,0,13542,36922,03312175,積立,毎月,積立買付注文履歴_20210927_20260926.csv,111
2022-11-05,完了,SBI・V・S&P500インデックス・ファンド,特定/一般,50000,0,0,18007,27767,89311199,積立,毎月,積立買付注文履歴_20210927_20260926.csv,112
2022-11-05,完了,eMAXIS Slim バランス(8資産均等型),特定/一般,50000,0,0,13591,36789,03312175,積立,毎月,積立買付注文履歴_20210927_20260926.csv,113
2022-10-05,完了,SBI・V・S&P500インデックス・ファンド,特定/一般,50000,0,0,17649,28330,89311199,積立,毎月,積立買付注文履歴_20210927_20260926.csv,114
2022-10-05,完了,eMAXIS Slim バランス(8資産均等型),特定/一般,50000,0,0,13468,37125,03312175,積立,毎月,積立買付注文履歴_20210927_20260926.csv,115
2022-09-03,完了,SBI・V・S&P500インデックス・ファンド,特定/一般,50000,0,0,18028,27735,89311199,積立,毎月,積立買付注文履歴_20210927_20260926.csv,116
2022-09-03,完了,eMAXIS Slim バランス(8資産均等型),特定/一般,50000,0,0,13830,36153,03312175,積立,毎月,積立買付注文履歴_20210927_20260926.csv,117
2022-09-03,完了,eMAXIS Slim バランス(8資産均等型),ジュニアNISA-旧NISA,49000,0,0,13830,35430,03312175,積立,毎月,積立買付注文履歴_20210927_20260926.csv,118
2022-09-01,取引不可,SBI・V・S&P500インデックス・ファンド,ジュニアNISA-旧NISA,50000,0,0,0,0,89311199,積立,毎月,積立買付注文履歴_20210927_20260926.csv,119
2022-08-05,取引不可,eMAXIS Slim バランス(8資産均等型),ジュニアNISA-旧NISA,50000,0,0,0,0,03312175,積立,毎月,積立買付注文履歴_20210927_20260926.csv,120
2022-07-30,取引不可,SBI・V・S&P500インデックス・ファンド,ジュニアNISA-旧NISA,50000,0,0,0,0,89311199,積立,毎月,積立買付注文履歴_20210927_20260926.csv,121
2022-07-05,取引不可,eMAXIS Slim バランス(8資産均等型),ジュニアNISA-旧NISA,50000,0,0,0,0,03312175,積立,毎月,積立買付注文履歴_20210927_20260926.csv,122
2022-07-01,取引不可,SBI・V・S&P500インデックス・ファンド,ジュニアNISA-旧NISA,50000,0,0,0,0,89311199,積立,毎月,積立買付注文履歴_20210927_20260926.csv,123
2022-06-04,取引不可,eMAXIS Slim バランス(8資産均等型),ジュニアNISA-旧NISA,50000,0,0,0,0,03312175,積立,毎月,積立買付注文履歴_20210927_20260926.csv,124
2022-06-01,完了,SBI・V・S&P500インデックス・ファンド,ジュニアNISA-旧NISA,50000,0,0,17118,29209,89311199,積立,毎月,積立買付注文履歴_20210927_20260926.csv,125
2022-05-03,完了,eMAXIS Slim バランス(8資産均等型),ジュニアNISA-旧NISA,50000,0,0,13423,37250,03312175,積立,毎月,積立買付注文履歴_20210927_20260926.csv,126
2022-04-29,完了,SBI・V・S&P500インデックス・ファンド,ジュニアNISA-旧NISA,50000,0,0,17359,28804,89311199,積立,毎月,積立買付注文履歴_20210927_20260926.csv,127
2022-04-05,完了,eMAXIS Slim バランス(8資産均等型),ジュニアNISA-旧NISA,50000,0,0,13685,36536,03312175,積立,毎月,積立買付注文履歴_20210927_20260926.csv,128
2022-04-01,完了,SBI・V・S&P500インデックス・ファンド,ジュニアNISA-旧NISA,50000,0,0,17815,28066,89311199,積立,毎月,積立買付注文履歴_20210927_20260926.csv,129
2022-03-05,完了,eMAXIS Slim バランス(8資産均等型),ジュニアNISA-旧NISA,50000,0,0,12615,39635,03312175,積立,毎月,積立買付注文履歴_20210927_20260926.csv,130
2022-03-01,完了,SBI・V・S&P500インデックス・ファンド,ジュニアNISA-旧NISA,50000,0,0,15857,31532,89311199,積立,毎月,積立買付注文履歴_20210927_20260926.csv,131
2022-02-05,完了,eMAXIS Slim バランス(8資産均等型),ジュニアNISA-旧NISA,50000,0,0,13248,37742,03312175,積立,毎月,積立買付注文履歴_20210927_20260926.csv,132
2022-02-01,完了,SBI・V・S&P500インデックス・ファンド,ジュニアNISA-旧NISA,50000,0,0,16656,30019,89311199,積立,毎月,積立買付注文履歴_20210927_20260926.csv,133
2022-01-05,完了,eMAXIS Slim バランス(8資産均等型),ジュニアNISA-旧NISA,50000,0,0,13681,36547,03312175,積立,毎月,積立買付注文履歴_20210927_20260926.csv,134
2021-12-31,完了,SBI・V・S&P500インデックス・ファンド,ジュニアNISA-旧NISA,50000,0,0,17790,28106,89311199,積立,毎月,積立買付注文履歴_20210927_20260926.csv,135
2021-12-04,取引不可,eMAXIS Slim バランス(8資産均等型),ジュニアNISA-旧NISA,50000,0,0,0,0,03312175,積立,毎月,積立買付注文履歴_20210927_20260926.csv,136
2021-12-01,取引不可,SBI・V・S&P500インデックス・ファンド,ジュニアNISA-旧NISA,50000,0,0,0,0,89311199,積立,毎月,積立買付注文履歴_20210927_20260926.csv,137
2021-11-05,取引不可,eMAXIS Slim バランス(8資産均等型),ジュニアNISA-旧NISA,50000,0,0,0,0,03312175,積立,毎月,積立買付注文履歴_20210927_20260926.csv,138
2021-10-30,取引不可,SBI・V・S&P500インデックス・ファンド,ジュニアNISA-旧NISA,50000,0,0,0,0,89311199,積立,毎月,積立買付注文履歴_20210927_20260926.csv,139
2021-10-05,完了,eMAXIS Slim バランス(8資産均等型),ジュニアNISA-旧NISA,50000,0,0,13108,38145,03312175,積立,毎月,積立買付注文履歴_20210927_20260926.csv,140
2021-10-01,完了,SBI・V・S&P500インデックス・ファンド,ジュニアNISA-旧NISA,50000,0,0,15411,32445,89311199,積立,毎月,積立買付注文履歴_20210927_20260926.csv,141
