date,settlement_date,fund,account,side,amount_yen,fees_yen,tax_yen,nav_yen,units,tax_status,source_file,source_line
2026-09-03,2026-09-08,iFreeNEXT FANG+インデックス,NISA (つみたて),buy,50000,0,0,99198,5041,-,約定履歴_20240927_20260926.csv,10
2026-09-03,2026-09-09,eMAXIS Slim 全世界株式(オール・カントリー),NISA (成長),buy,50000,0,0,38285,13060,-,約定履歴_20240927_20260926.csv,11
2026-09-03,2026-09-08,eMAXIS Slim 米国株式(S&P500),NISA (つみたて),buy,50000,0,0,44779,11166,-,約定履歴_20240927_20260926.csv,12
2026-08-04,2026-08-07,iFreeNEXT FANG+インデックス,NISA (つみたて),buy,50000,0,0,94037,5318,-,約定履歴_20240927_20260926.csv,13
2026-08-04,2026-08-10,eMAXIS Slim 全世界株式(オール・カントリー),NISA (成長),buy,50000,0,0,37510,13330,-,約定履歴_20240927_20260926.csv,14
2026-08-04,2026-08-07,eMAXIS Slim 米国株式(S&P500),NISA (つみたて),buy,50000,0,0,43994,11366,-,約定履歴_20240927_20260926.csv,15
2026-07-03,2026-07-08,iFreeNEXT FANG+インデックス,NISA (つみたて),buy,50000,0,0,92864,5385,-,約定履歴_20240927_20260926.csv,16
2026-07-03,2026-07-09,eMAXIS Slim 全世界株式(オール・カントリー),NISA (成長),buy,50000,0,0,38009,13155,-,約定履歴_20240927_20260926.csv,17
2026-07-03,2026-07-08,eMAXIS Slim 米国株式(S&P500),NISA (つみたて),buy,50000,0,0,44352,11274,-,約定履歴_20240927_20260926.csv,18
2026-06-09,2026-06-15,eMAXIS Slim 全世界株式(オール・カントリー),NISA (成長),sell,200000,0,0,37159,53822,非課税,約定履歴_20240927_20260926.csv,19
2026-06-03,2026-06-08,iFreeNEXT FANG+インデックス,NISA (つみたて),buy,50000,0,0,100136,4994,-,約定履歴_20240927_20260926.csv,20
2026-06-03,2026-06-09,eMAXIS Slim 全世界株式(オール・カントリー),NISA (成長),buy,50000,0,0,38277,13063,-,約定履歴_20240927_20260926.csv,21
2026-06-03,2026-06-08,eMAXIS Slim 米国株式(S&P500),NISA (つみたて),buy,50000,0,0,44704,11185,-,約定履歴_20240927_20260926.csv,22
2026-05-08,2026-05-13,iFreeNEXT FANG+インデックス,NISA (つみたて),buy,50000,0,0,89214,5605,-,約定履歴_20240927_20260926.csv,23
2026-05-08,2026-05-14,eMAXIS Slim 全世界株式(オール・カントリー),NISA (成長),buy,50000,0,0,36326,13765,-,約定履歴_20240927_20260926.csv,24
2026-05-08,2026-05-13,eMAXIS Slim 米国株式(S&P500),NISA (つみたて),buy,50000,0,0,42272,11829,-,約定履歴_20240927_20260926.csv,25
2026-04-03,2026-04-08,iFreeNEXT FANG+インデックス,NISA (つみたて),buy,50000,0,0,76109,6570,-,約定履歴_20240927_20260926.csv,26
2026-04-03,2026-04-09,eMAXIS Slim 全世界株式(オール・カントリー),NISA (成長),buy,50000,0,0,33265,15031,-,約定履歴_20240927_20260926.csv,27
2026-04-03,2026-04-08,eMAXIS Slim 米国株式(S&P500),NISA (つみたて),buy,50000,0,0,38546,12972,-,約定履歴_20240927_20260926.csv,28
2026-03-03,2026-03-06,iFreeNEXT FANG+インデックス,NISA (つみたて),buy,50000,0,0,77692,6436,-,約定履歴_20240927_20260926.csv,29
2026-03-03,2026-03-09,eMAXIS Slim 全世界株式(オール・カントリー),NISA (成長),buy,50000,0,0,34533,14479,-,約定履歴_20240927_20260926.csv,30
2026-03-03,2026-03-06,eMAXIS Slim 米国株式(S&P500),NISA (つみたて),buy,50000,0,0,39699,12595,-,約定履歴_20240927_20260926.csv,31
2026-01-14,2026-01-20,eMAXIS Slim 全世界株式(オール・カントリー),NISA (成長),buy,200000,0,0,34555,57879,-,約定履歴_20240927_20260926.csv,32
2026-01-06,2026-01-09,iFreeNEXT FANG+インデックス,NISA (つみたて),buy,50000,0,0,82953,6028,-,約定履歴_20240927_20260926.csv,33
2026-01-06,2026-01-09,eMAXIS Slim 米国株式(S&P500),NISA (つみたて),buy,50000,0,0,39561,12639,-,約定履歴_20240927_20260926.csv,34
2025-12-03,2025-12-08,iFreeNEXT FANG+インデックス,NISA (つみたて),buy,50000,0,0,87786,5696,-,約定履歴_20240927_20260926.csv,35
2025-12-03,2025-12-08,eMAXIS Slim 米国株式(S&P500),NISA (つみたて),buy,50000,0,0,38888,12858,-,約定履歴_20240927_20260926.csv,36
2025-11-05,2025-11-10,iFreeNEXT FANG+インデックス,NISA (つみたて),buy,50000,0,0,86378,5789,-,約定履歴_20240927_20260926.csv,37
2025-11-05,2025-11-10,eMAXIS Slim 米国株式(S&P500),NISA (つみたて),buy,50000,0,0,37939,13179,-,約定履歴_20240927_20260926.csv,38
2025-10-03,2025-10-08,iFreeNEXT FANG+インデックス,NISA (つみたて),buy,50000,0,0,80877,6183,-,約定履歴_20240927_20260926.csv,39
2025-10-03,2025-10-08,eMAXIS Slim 米国株式(S&P500),NISA (つみたて),buy,50000,0,0,36112,13846,-,約定履歴_20240927_20260926.csv,40
2025-09-03,2025-09-08,iFreeNEXT FANG+インデックス,NISA (つみたて),buy,50000,0,0,76452,6540,-,約定履歴_20240927_20260926.csv,41
2025-09-03,2025-09-08,eMAXIS Slim 米国株式(S&P500),NISA (つみたて),buy,50000,0,0,34796,14370,-,約定履歴_20240927_20260926.csv,42
2025-08-05,2025-08-08,iFreeNEXT FANG+インデックス,NISA (つみたて),buy,50000,0,0,75234,6646,-,約定履歴_20240927_20260926.csv,43
2025-08-05,2025-08-08,eMAXIS Slim 米国株式(S&P500),NISA (つみたて),buy,50000,0,0,33877,14760,-,約定履歴_20240927_20260926.csv,44
2025-07-03,2025-07-08,iFreeNEXT FANG+インデックス,NISA (つみたて),buy,50000,0,0,72215,6924,-,約定履歴_20240927_20260926.csv,45
2025-07-03,2025-07-08,eMAXIS Slim 米国株式(S&P500),NISA (つみたて),buy,50000,0,0,32551,15361,-,約定履歴_20240927_20260926.csv,46
2025-06-03,2025-06-06,iFreeNEXT FANG+インデックス,NISA (つみたて),buy,50000,0,0,67642,7392,-,約定履歴_20240927_20260926.csv,47
2025-06-03,2025-06-06,eMAXIS Slim 米国株式(S&P500),NISA (つみたて),buy,50000,0,0,30825,16221,-,約定履歴_20240927_20260926.csv,48
2025-05-07,2025-05-12,iFreeNEXT FANG+インデックス,NISA (つみたて),buy,50000,0,0,61520,8128,-,約定履歴_20240927_20260926.csv,49
2025-05-07,2025-05-12,eMAXIS Slim 米国株式(S&P500),NISA (つみたて),buy,50000,0,0,29124,17168,-,約定履歴_20240927_20260926.csv,50
2025-03-04,2025-03-07,iFreeNEXT FANG+インデックス,NISA (つみたて),buy,50000,0,0,63337,7895,-,約定履歴_20240927_20260926.csv,51
2025-03-04,2025-03-07,eMAXIS Slim 米国株式(S&P500),NISA (つみたて),buy,50000,0,0,31656,15795,-,約定履歴_20240927_20260926.csv,52
2025-02-04,2025-02-07,iFreeNEXT FANG+インデックス,NISA (つみたて),buy,50000,0,0,70935,7049,-,約定履歴_20240927_20260926.csv,53
2025-02-04,2025-02-07,eMAXIS Slim 米国株式(S&P500),NISA (つみたて),buy,50000,0,0,33730,14824,-,約定履歴_20240927_20260926.csv,54
2025-01-07,2025-01-14,eMAXIS Slim 全世界株式(オール・カントリー),NISA (つみたて),buy,50000,0,0,27769,18006,-,約定履歴_20240927_20260926.csv,55
2025-01-07,2025-01-10,eMAXIS Slim 米国株式(S&P500),NISA (つみたて),buy,50000,0,0,34226,14609,-,約定履歴_20240927_20260926.csv,56
2024-12-03,2024-12-09,eMAXIS Slim 全世界株式(オール・カントリー),NISA (つみたて),buy,50000,0,0,26673,18746,-,約定履歴_20240927_20260926.csv,57
2024-12-03,2024-12-06,eMAXIS Slim 米国株式(S&P500),NISA (つみたて),buy,50000,0,0,32794,15247,-,約定履歴_20240927_20260926.csv,58
2024-11-06,2024-11-12,eMAXIS Slim 全世界株式(オール・カントリー),NISA (つみたて),buy,50000,0,0,26452,18902,-,約定履歴_20240927_20260926.csv,59
2024-11-06,2024-11-11,eMAXIS Slim 米国株式(S&P500),NISA (つみたて),buy,50000,0,0,31931,15659,-,約定履歴_20240927_20260926.csv,60
2024-10-03,2024-10-09,eMAXIS Slim 全世界株式(オール・カントリー),NISA (つみたて),buy,50000,0,0,25521,19592,-,約定履歴_20240927_20260926.csv,61
2024-10-03,2024-10-08,eMAXIS Slim 米国株式(S&P500),NISA (つみたて),buy,50000,0,0,30324,16489,-,約定履歴_20240927_20260926.csv,62
